term,tier
data analyst,A
business analyst,A
business intelligence analyst,A
bi analyst,A
data scientist,A
analytics engineer,A
product analyst,A
marketing analyst,A
operations analyst,A
business operations analyst,A
insights analyst,A
reporting analyst,A
decision scientist,A
business systems analyst,A
analytics associate,A
data analytics associate,A
business intelligence developer,A
business intelligence engineer,A
quantitative analyst,A
people analytics,A
growth analyst,A
data engineer,B
research analyst,B
strategy analyst,B
revenue analyst,B
pricing analyst,B
risk analyst,B
supply chain analyst,B
logistics analyst,B
financial analyst,B
fp&a analyst,B
analytics consultant,B
associate consultant,B
machine learning engineer,B
statistician,B
actuarial analyst,B
new grad,C
university graduate,C
early career,C
early talent,C
campus hire,C
rotational,C
analyst program,C
associate program,C
graduate analyst,C
graduate program,C
security analyst,N
soc analyst,N
information security analyst,N
cyber analyst,N
qa analyst,N
quality analyst,N
quality assurance analyst,N
test analyst,N
clinical analyst,N
clinical research,N
lab analyst,N
laboratory analyst,N
chemical analyst,N
credit analyst,N
claims analyst,N
underwriting analyst,N
policy analyst,N
budget analyst,N
compliance analyst,N
aml analyst,N
kyc analyst,N
fraud analyst,N
help desk,N
service desk,N
desktop support,N
sales development,N
account executive,N
account manager,N
customer success,N
recruiter,N
talent acquisition,N
